{
  "variant": "deep",
  "head_structure": "Deep: Pool Ąú Dense(1280Ąú512) Ąú ReLU Ąú Drop(0.3) Ąú Dense(512Ąú128) Ąú ReLU Ąú Drop(0.3) Ąú Dense(128Ąú26)",
  "accuracy": 0.61328125,
  "accuracy_pct": 61.33,
  "train_time_s": 617.0,
  "train_time_min": 10.3,
  "peak_memory_mb": 1278.1,
  "trainable_params": 724890,
  "total_params": 2982874,
  "epoch_losses": [
    3.245805,
    2.898341,
    2.595957,
    2.326085,
    2.175029,
    2.028247,
    1.857863,
    1.809272,
    1.731916,
    1.653055
  ],
  "epoch_times_s": [
    84.9,
    79.8,
    63.2,
    53.8,
    53.3,
    52.8,
    53.3,
    58.5,
    56.9,
    60.4
  ],
  "hyperparams": {
    "epochs": 10,
    "batch_size": 16,
    "lr_max": 0.01,
    "optimizer": "Momentum(m=0.9, wd=1e-4)",
    "lr_schedule": "CosineDecay"
  }
}