{
  "variant": "deep",
  "head_structure": "Deep: Pool Ąú Dense(1280Ąú512) Ąú ReLU Ąú Drop(0.3) Ąú Dense(512Ąú128) Ąú ReLU Ąú Drop(0.3) Ąú Dense(128Ąú26)",
  "accuracy": 0.640625,
  "accuracy_pct": 64.06,
  "train_time_s": 1828.5,
  "train_time_min": 30.5,
  "peak_memory_mb": 1229.4,
  "trainable_params": 724890,
  "total_params": 2982874,
  "epoch_losses": [
    3.240648,
    2.900358,
    2.5779,
    2.394393,
    2.267566,
    2.174582,
    2.104404,
    2.019136,
    1.988286,
    1.857693,
    1.778953,
    1.690822,
    1.651384,
    1.593749,
    1.574073,
    1.560526,
    1.50306,
    1.480806,
    1.502133,
    1.459211
  ],
  "epoch_times_s": [
    60.6,
    71.7,
    79.5,
    79.8,
    61.2,
    53.5,
    52.3,
    52.1,
    540.4,
    57.0,
    55.8,
    55.4,
    54.5,
    56.7,
    57.6,
    57.6,
    109.5,
    93.5,
    95.8,
    84.0
  ],
  "hyperparams": {
    "epochs": 20,
    "batch_size": 16,
    "lr_max": 0.01,
    "optimizer": "Momentum(m=0.9, wd=1e-4)",
    "lr_schedule": "CosineDecay"
  }
}