{
  "variant": "baseline_60e",
  "head_structure": "Original: Pool °˙ Dense(1280°˙26)",
  "epochs": 60,
  "final_accuracy": 0.820312,
  "final_accuracy_pct": 82.03,
  "train_time_s": 4483.1,
  "train_time_min": 74.7,
  "peak_memory_mb": 1199.0,
  "trainable_params": 33306,
  "total_params": 2291290,
  "epoch_losses": [
    3.308713,
    2.848297,
    2.821055,
    2.781978,
    2.560016,
    2.568609,
    2.399814,
    2.177821,
    2.296096,
    2.171525,
    2.038825,
    2.129567,
    2.074565,
    2.072117,
    2.138949,
    2.078166,
    1.795963,
    1.822834,
    1.876691,
    1.878066,
    1.812402,
    1.580208,
    1.427401,
    1.595743,
    1.572312,
    1.379097,
    1.396542,
    1.436668,
    1.390585,
    1.301763,
    1.187241,
    1.198686,
    1.100674,
    1.168606,
    1.053635,
    1.058175,
    0.98171,
    1.046879,
    0.975327,
    0.917958,
    0.917846,
    0.859632,
    0.865747,
    0.869215,
    0.864064,
    0.864462,
    0.809504,
    0.821259,
    0.813551,
    0.779731,
    0.812686,
    0.786806,
    0.735659,
    0.755294,
    0.765812,
    0.761733,
    0.752562,
    0.709519,
    0.718399,
    0.719779
  ],
  "epoch_times_s": [
    62.7,
    59.8,
    59.6,
    59.5,
    59.4,
    59.1,
    58.9,
    78.0,
    84.2,
    90.7,
    91.0,
    92.9,
    91.9,
    94.8,
    90.6,
    89.5,
    81.8,
    78.7,
    80.5,
    78.9,
    78.5,
    78.4,
    78.6,
    78.2,
    78.6,
    78.8,
    61.3,
    59.2,
    58.9,
    59.0,
    60.6,
    59.2,
    59.0,
    59.6,
    83.5,
    79.6,
    80.9,
    79.2,
    78.9,
    78.8,
    79.2,
    78.5,
    78.7,
    79.5,
    67.7,
    61.3,
    60.5,
    60.2,
    58.9,
    59.2,
    59.7,
    59.6,
    59.2,
    77.7,
    79.8,
    80.8,
    78.4,
    79.9,
    78.1,
    83.8
  ],
  "intermediate_accs": {
    "5": 0.605469,
    "10": 0.671875,
    "15": 0.6875,
    "20": 0.710938,
    "25": 0.78125,
    "30": 0.78125,
    "35": 0.8125,
    "40": 0.832031,
    "45": 0.828125,
    "50": 0.824219,
    "55": 0.84375,
    "60": 0.820312
  },
  "hyperparams": {
    "epochs": 60,
    "batch_size": 16,
    "lr_max": 0.01,
    "optimizer": "Momentum(m=0.9, wd=1e-4)",
    "lr_schedule": "CosineDecay"
  }
}