{
  "variant": "improved",
  "head_structure": "Improved: Pool Ąú Dense(1280Ąú512) Ąú ReLU Ąú Dropout(0.3) Ąú Dense(512Ąú26)",
  "accuracy": 0.65625,
  "accuracy_pct": 65.62,
  "train_time_s": 1194.4,
  "train_time_min": 19.9,
  "peak_memory_mb": 1163.7,
  "trainable_params": 669210,
  "total_params": 2927194,
  "epoch_losses": [
    2.825975,
    2.360514,
    2.4045,
    2.438434,
    2.33697,
    2.22362,
    2.186989,
    2.166624,
    2.099242,
    1.941752,
    1.927611,
    1.844106,
    1.813409,
    1.717072,
    1.670871,
    1.666821,
    1.582422,
    1.576249,
    1.63058,
    1.583992
  ],
  "epoch_times_s": [
    58.9,
    55.2,
    54.9,
    55.1,
    56.4,
    55.6,
    55.4,
    55.8,
    57.7,
    84.8,
    81.5,
    79.9,
    55.1,
    55.1,
    55.2,
    56.8,
    55.0,
    55.2,
    55.1,
    55.7
  ],
  "hyperparams": {
    "epochs": 20,
    "batch_size": 16,
    "lr_max": 0.01,
    "optimizer": "Momentum(m=0.9, wd=1e-4)",
    "lr_schedule": "CosineDecay"
  }
}