{
  "variant": "baseline",
  "head_structure": "Original: Pool °˙ Dense(1280°˙26)",
  "accuracy": 0.7890625,
  "accuracy_pct": 78.91,
  "train_time_s": 1324.7,
  "train_time_min": 22.1,
  "peak_memory_mb": 1191.4,
  "trainable_params": 33306,
  "total_params": 2291290,
  "epoch_losses": [
    3.305369,
    2.816494,
    2.752289,
    2.687196,
    2.383196,
    2.252265,
    1.977596,
    1.778882,
    1.724554,
    1.55623,
    1.448418,
    1.307875,
    1.239312,
    1.14178,
    1.086977,
    1.047648,
    0.95808,
    0.90211,
    0.966561,
    0.927003
  ],
  "epoch_times_s": [
    117.2,
    88.8,
    72.8,
    54.2,
    54.9,
    57.8,
    83.7,
    75.6,
    76.8,
    53.7,
    53.5,
    49.9,
    49.5,
    49.6,
    51.7,
    49.6,
    74.4,
    75.7,
    75.6,
    59.6
  ],
  "hyperparams": {
    "epochs": 20,
    "batch_size": 16,
    "lr_max": 0.01,
    "optimizer": "Momentum(m=0.9, wd=1e-4)",
    "lr_schedule": "CosineDecay"
  }
}