{
  "variant": "improved_60e",
  "head_structure": "Improved: Pool °˙ Dense(1280°˙512) °˙ ReLU °˙ Dropout(0.3) °˙ Dense(512°˙26)",
  "epochs": 60,
  "final_accuracy": 0.714844,
  "final_accuracy_pct": 71.48,
  "train_time_s": 4945.2,
  "train_time_min": 82.4,
  "peak_memory_mb": 1263.3,
  "trainable_params": 669210,
  "total_params": 2927194,
  "epoch_losses": [
    2.80011,
    2.372817,
    2.429605,
    2.384841,
    2.40165,
    2.337041,
    2.283715,
    2.332505,
    2.308332,
    2.270244,
    2.207966,
    2.190559,
    2.206949,
    2.290985,
    2.201263,
    2.195687,
    2.14615,
    2.131952,
    2.143242,
    2.136259,
    2.082283,
    2.020295,
    1.985582,
    1.95326,
    1.969691,
    1.927187,
    1.980763,
    1.902577,
    1.862551,
    1.85975,
    1.781343,
    1.807476,
    1.744467,
    1.730517,
    1.665055,
    1.672242,
    1.665794,
    1.623063,
    1.604708,
    1.564828,
    1.530934,
    1.561733,
    1.52682,
    1.534233,
    1.515998,
    1.530228,
    1.477904,
    1.500642,
    1.474091,
    1.466064,
    1.450004,
    1.42795,
    1.420164,
    1.414989,
    1.437039,
    1.444335,
    1.3814,
    1.384844,
    1.376806,
    1.359606
  ],
  "epoch_times_s": [
    64.1,
    62.4,
    63.2,
    66.4,
    94.6,
    100.5,
    95.3,
    86.2,
    93.2,
    86.8,
    59.1,
    59.7,
    56.7,
    79.1,
    82.9,
    82.9,
    81.7,
    84.1,
    83.6,
    82.3,
    81.2,
    82.1,
    69.9,
    59.8,
    71.0,
    91.7,
    81.8,
    81.6,
    92.7,
    89.3,
    97.1,
    95.5,
    89.6,
    93.5,
    64.4,
    63.7,
    63.8,
    92.0,
    101.2,
    107.5,
    92.9,
    89.3,
    83.6,
    93.1,
    83.3,
    83.0,
    84.3,
    55.9,
    58.6,
    65.2,
    89.6,
    86.4,
    84.7,
    89.3,
    83.6,
    82.9,
    82.3,
    83.2,
    82.6,
    62.1
  ],
  "intermediate_accs": {
    "5": 0.46875,
    "10": 0.503906,
    "15": 0.570312,
    "20": 0.574219,
    "25": 0.582031,
    "30": 0.59375,
    "35": 0.652344,
    "40": 0.6875,
    "45": 0.707031,
    "50": 0.714844,
    "55": 0.753906,
    "60": 0.714844
  },
  "hyperparams": {
    "epochs": 60,
    "batch_size": 16,
    "lr_max": 0.01,
    "optimizer": "Momentum(m=0.9, wd=1e-4)",
    "lr_schedule": "CosineDecay"
  }
}